timestamp,machine_id,operator_id,task_id,engine_hours,fuel_used_l,load_cycles,idling_time_min,seatbelt_status,proximity_alert,weather_condition,ground_condition,is_golden,scene
2024-09-23 08:00:00,EXC001,OP001,TSK003,412.0,12.0,5,3,Fastened,0,Sunny,Dry,True,normal_work
2024-09-23 08:30:00,EXC001,OP001,TSK003,412.5,23.5,5,4,Fastened,0,Sunny,Dry,True,normal_work
2024-09-23 09:00:00,EXC001,OP001,TSK003,413.0,34.8,6,4,Fastened,0,Sunny,Dry,True,normal_work
2024-09-23 09:30:00,EXC001,OP001,TSK003,413.5,46.1,6,5,Fastened,0,Sunny,Dry,True,normal_work
2024-09-23 10:00:00,EXC001,OP001,TSK003,414.0,57.2,7,5,Fastened,0,Overcast,Dry,True,normal_work
2024-09-23 10:30:00,EXC001,OP001,TSK003,414.5,63.0,3,18,Fastened,0,Overcast,Dry,True,idle_event
2024-09-23 11:00:00,EXC001,OP001,TSK003,415.0,68.4,4,7,Fastened,0,Overcast,Dry,True,idle_recovery
2024-09-23 11:30:00,EXC001,OP001,TSK003,415.5,74.1,3,9,Fastened,0,Rainy,Wet,True,ground_wet_slowdown
2024-09-23 12:00:00,EXC001,OP001,TSK003,416.0,79.3,2,14,Fastened,0,Rainy,Wet,True,ground_wet_slowdown
2024-09-23 12:30:00,EXC001,OP001,TSK003,416.5,83.9,2,16,Fastened,0,Rainy,Wet,True,ground_wet_slowdown
2024-09-23 13:00:00,EXC001,OP001,TSK003,417.0,87.4,1,19,Fastened,0,Rainy,Muddy,True,ground_wet_slowdown
2024-09-23 13:30:00,EXC001,OP001,TSK003,417.5,90.1,1,22,Unfastened,1,Rainy,Muddy,True,safety_event
2024-09-23 14:00:00,EXC001,OP001,TSK003,418.0,93.6,1,20,Fastened,0,Rainy,Muddy,True,safety_recovery
2024-09-23 14:30:00,EXC001,OP001,TSK003,418.5,97.8,3,15,Fastened,0,Overcast,Wet,True,recovery
2024-09-23 15:00:00,EXC001,OP001,TSK003,419.0,102.3,4,12,Fastened,0,Overcast,Wet,True,recovery
2024-09-23 15:30:00,EXC001,OP001,TSK003,419.5,107.1,5,8,Fastened,0,Sunny,Dry,True,recovery
2024-09-23 16:00:00,EXC001,OP001,TSK003,420.0,112.4,6,28,Fastened,0,Sunny,Dry,True,anomaly_high_idle
2024-09-23 16:30:00,EXC001,OP001,TSK003,420.5,117.8,7,30,Fastened,0,Sunny,Dry,True,task_completion
2024-09-19 23:21:00,EXC001,OP001,TSK001,381.0,105.2,5,16,Fastened,0,Overcast,Wet,False,
2024-08-29 02:30:00,EXC001,OP002,TSK004,381.8,105.2,5,22,Fastened,0,Overcast,Wet,False,
2024-08-28 23:44:00,EXC001,OP002,TSK004,382.3,106.9,12,3,Fastened,0,Rainy,Dry,False,
2024-09-08 05:28:00,EXC001,OP002,TSK004,383.0,106.0,3,20,Fastened,0,Rainy,Wet,False,
2024-09-09 04:19:00,EXC001,OP001,TSK002,383.6,108.7,5,38,Fastened,0,Sunny,Wet,False,
2024-09-09 23:10:00,EXC001,OP001,TSK002,384.6,108.3,5,32,Fastened,1,Sunny,Wet,False,
2024-09-02 03:14:00,EXC001,OP001,TSK002,385.4,109.0,3,21,Unfastened,0,Sunny,Wet,False,
2024-09-06 00:27:00,EXC001,OP001,TSK001,386.1,109.5,11,11,Fastened,0,Rainy,Dry,False,
2024-09-21 04:11:00,EXC001,OP001,TSK002,387.0,108.0,7,8,Fastened,0,Sunny,Dry,False,
2024-09-09 23:41:00,EXC001,OP002,TSK004,387.7,107.2,8,14,Fastened,0,Sunny,Dry,False,
2024-09-08 00:31:00,EXC001,OP001,TSK002,388.1,110.5,11,19,Fastened,1,Sunny,Dry,False,
2024-08-27 02:19:00,EXC001,OP001,TSK002,388.7,107.2,2,55,Fastened,0,Sunny,Muddy,False,
2024-08-27 04:33:00,EXC001,OP001,TSK002,389.7,110.0,14,11,Fastened,0,Sunny,Dry,False,
2024-09-10 03:23:00,EXC001,OP001,TSK002,390.2,107.8,6,16,Fastened,1,Rainy,Wet,False,
2024-09-03 05:50:00,EXC001,OP001,TSK002,390.6,111.2,3,64,Fastened,0,Sunny,Muddy,False,
2024-09-10 02:32:00,EXC001,OP001,TSK002,391.3,108.6,14,12,Fastened,0,Sunny,Dry,False,
2024-08-26 03:28:00,EXC001,OP002,TSK004,392.1,108.2,11,7,Fastened,0,Sunny,Dry,False,
2024-09-03 00:53:00,EXC001,OP001,TSK001,392.6,108.1,4,46,Unfastened,0,Rainy,Wet,False,
2024-09-06 01:38:00,EXC001,OP002,TSK004,393.4,109.2,4,34,Fastened,0,Overcast,Muddy,False,
2024-08-26 04:51:00,EXC001,OP001,TSK001,394.5,112.0,15,17,Fastened,0,Sunny,Dry,False,
2024-09-07 02:42:00,EXC001,OP001,TSK001,395.6,109.7,5,26,Unfastened,0,Rainy,Wet,False,
2024-09-22 05:56:00,EXC001,OP001,TSK002,396.2,112.0,14,7,Fastened,0,Sunny,Dry,False,
2024-09-12 22:31:00,EXC001,OP002,TSK004,396.6,111.1,11,8,Unfastened,0,Sunny,Dry,False,
2024-09-01 23:26:00,EXC001,OP001,TSK001,397.0,112.9,1,52,Fastened,0,Sunny,Muddy,False,
2024-09-10 22:42:00,EXC001,OP001,TSK001,397.3,111.5,4,38,Fastened,0,Sunny,Wet,False,
2024-09-03 23:54:00,EXC001,OP001,TSK002,398.4,111.4,7,17,Fastened,0,Sunny,Dry,False,
2024-08-30 23:59:00,EXC001,OP002,TSK004,399.2,113.2,2,55,Fastened,0,Sunny,Muddy,False,
2024-09-05 03:36:00,EXC001,OP002,TSK004,399.7,110.9,8,12,Fastened,0,Sunny,Dry,False,
2024-08-31 23:12:00,EXC001,OP001,TSK001,400.2,113.7,11,16,Unfastened,0,Sunny,Dry,False,
2024-09-05 04:51:00,EXC001,OP001,TSK002,400.5,112.5,9,13,Unfastened,0,Sunny,Dry,False,
2024-09-02 23:37:00,EXC001,OP001,TSK001,401.0,111.3,7,42,Fastened,1,Sunny,Wet,False,
2024-09-04 01:04:00,EXC001,OP002,TSK004,401.4,114.1,10,22,Unfastened,0,Sunny,Dry,False,
2024-09-19 23:10:00,EXC001,OP002,TSK004,402.4,111.2,2,56,Fastened,0,Overcast,Muddy,False,
2024-09-07 03:30:00,EXC001,OP001,TSK001,402.8,112.7,14,8,Fastened,0,Overcast,Dry,False,
2024-09-10 01:47:00,EXC001,OP002,TSK004,403.4,114.7,13,7,Fastened,0,Sunny,Dry,False,
2024-08-26 23:32:00,EXC001,OP001,TSK001,404.1,113.7,8,35,Fastened,0,Sunny,Wet,False,
2024-09-14 04:16:00,EXC001,OP001,TSK001,405.1,111.8,6,42,Unfastened,0,Sunny,Wet,False,
2024-09-06 22:17:00,EXC001,OP001,TSK002,406.2,112.8,1,38,Fastened,0,Overcast,Muddy,False,
2024-09-02 01:57:00,EXC001,OP001,TSK002,407.0,115.0,7,4,Fastened,0,Rainy,Dry,False,
2024-08-26 23:29:00,EXC001,OP002,TSK004,407.9,113.9,2,61,Unfastened,1,Rainy,Muddy,False,
2024-08-31 04:20:00,EXC001,OP002,TSK004,408.5,113.0,4,54,Fastened,0,Sunny,Muddy,False,
2024-09-18 05:04:00,EXC001,OP001,TSK001,409.5,114.6,8,13,Fastened,0,Sunny,Dry,False,
2024-09-12 00:01:00,EXC001,OP001,TSK001,409.9,115.1,2,25,Fastened,0,Rainy,Muddy,False,
2024-09-03 02:00:00,EXC001,OP002,TSK004,410.5,116.6,2,33,Fastened,0,Sunny,Muddy,False,
2024-08-31 01:54:00,EXC001,OP002,TSK004,411.4,115.8,3,39,Fastened,1,Overcast,Muddy,False,
2024-09-04 05:20:00,EXC001,OP001,TSK001,412.5,116.1,15,9,Fastened,0,Sunny,Dry,False,
2024-08-27 06:00:00,EXC001,OP002,TSK004,412.8,116.8,3,39,Fastened,0,Sunny,Wet,False,
2024-08-24 22:53:00,EXC001,OP001,TSK001,413.6,116.8,4,40,Fastened,0,Rainy,Muddy,False,
2024-09-07 00:55:00,EXC001,OP001,TSK001,414.8,116.6,8,11,Fastened,0,Sunny,Wet,False,
2024-09-08 05:56:00,EXC001,OP001,TSK002,415.2,118.2,3,47,Fastened,1,Sunny,Muddy,False,
